asof_utc,section,context_id,priority,theme,statement,market_link,contracts,directional_pressure,confidence,valid_until_utc,sources
2026-01-03T06:23:39+00:00,active_contexts,fed_jan_meeting_pricing_no_change_basecase,5,rates,Jan 27-28 FOMC: market pricing skewed to no-change (~88.5% per Polymarket snapshot).,Front-end (ZT/ZF) and equity duration (ES/NQ) are sensitive to data/speakers shifting near-term policy odds.,ZT|ZF|ZN|ES|NQ|DX|6E,mixed,0.63,2026-01-10T00:00:00Z,LOCAL 2026-01-03
2026-01-03T06:23:39+00:00,active_contexts,fomc_jan_2026_official_timing,5,rates,Fed calendar: Jan 28 FOMC decision 2:00pm ET; press conference 2:30pm ET.,Known timing concentrates intraday volatility around statement/presser across ES/NQ and the Treasury complex.,ES|NQ|ZT|ZF|ZN|ZB|DX|6E,none,0.75,2026-01-29T00:00:00Z,Federal Reserve 2025-06-24
2026-01-03T06:23:39+00:00,active_contexts,nyfed_standing_repo_record_yearend_2025_12_31,4,liquidity,NY Fed SRF usage hit record $74.6B on Dec 31 amid year-end funding needs (Reuters).,Turn-of-year funding dynamics matter for front-end rates; focus is whether take-up normalizes post-turn.,ZT|ZF|ZN|ES|NQ|DX,mixed,0.66,2026-01-06T21:00:00Z,Reuters 2025-12-31
2026-01-03T06:23:39+00:00,active_contexts,fed_repo_ops_full_allotment_no_agg_limit_effective_2025_12_11,3,liquidity,NY Fed: standing overnight repo ops moved to full allotment with no aggregate operational limit (eff. Dec 11).,Structural tool-setting that can cap tail repo spikes; becomes relevant when funding-stress headlines hit.,ZT|ZF|ZN|DX|ES|NQ,mixed,0.62,2026-01-31T00:00:00Z,New York Fed 2025-12-10|Federal Reserve 2025-12-10
2026-01-03T06:23:39+00:00,active_contexts,eu_mfg_pmi_final_weaker_dec2025,4,growth,Eurozone Dec final mfg PMI 48.8; Germany final 47.0 with export demand a key drag (Reuters).,EU growth softness can pressure risk tone and support UST duration; also relevant for EUR (6E) and USD (DX).,ES|NQ|ZN|ZB|6E|DX,risk_off,0.69,2026-01-05T15:00:00Z,Reuters 2026-01-02|LOCAL 2026-01-02
2026-01-03T06:23:39+00:00,watchlist,us_cash_imbalances_index_flow,3,market_structure,US cash close (Jan 2): MOC buy imbalance S&P +1485.3M; NQ +330.8M; Dow +432.2M; Mag7 +273.3M.,Large closing imbalances can drive late-day futures dislocations and raise next-session gap sensitivity in ES/NQ.,ES|NQ|YM|RTY,mixed,0.48,2026-01-03T16:00:00Z,LOCAL 2026-01-02
2026-01-03T06:23:39+00:00,watchlist,ecb_m3_accel_nov2025,2,liquidity,Eurozone M3 y/y 3.0% (Nov) vs 2.8% (Oct); slow-moving liquidity signal.,Secondary input for EUR rates/FX; matters for US futures mainly via EU risk/ECB repricing headlines.,6E|DX|ES|NQ|ZN,none,0.55,2026-01-06T09:00:00Z,LOCAL 2026-01-02
2026-01-03T06:23:39+00:00,watchlist,us_sp_global_mfg_pmi_confirmed_dec2025,2,growth,US S&P Global final mfg PMI confirmed 51.8 for Dec; no revision vs prior/forecast.,Final print tends to be lower impact than ISM; attention usually on prices/new orders details vs an unchanged headline.,ES|NQ|ZT|ZN|DX,none,0.5,2026-01-07T15:00:00Z,LOCAL 2026-01-02
2026-01-03T06:23:39+00:00,watchlist,uk_mfg_pmi_final_below_flash,2,growth,UK Dec final mfg PMI 50.6 vs flash 51.2; marginal expansion but softer than first read.,UK/Europe growth tone can influence broad risk sentiment; usually modest direct impact on US index futures.,ES|NQ|6E|DX,none,0.42,2026-01-06T12:00:00Z,LOCAL 2026-01-02
