ts_utc,message_id,seq,topic_key,priority,confidence,short,long,model,upgrade_used,sources
2026-01-03T22:24:46.001000+00:00,1457137641328742591,1,t_beb3165afa0443cd,5,0.4,Report: 'Neizchum' hospitalized after a military nuclear event; Trump en route. Potential risk-off headlines could pressure ES/NQ and lift T,"As of headline time (2026-01-03T22:24:46Z) reports state ‘Neizchum’ was hospitalized following a “military nuclear event” and that former President Trump is en route. Identity of Neizchum, the event’s scope, and independent confirmation are not provided in this feed and require verification. If confirmed, historical market behavior favors a near-term risk-off response: equity futures (ES/NQ) typically weaken, Treasuries and gold tend to rally and safe-haven FX can firm, and intraday volatility rises. If the report is unverified or details remain limited, market moves may be muted or reversed once clarity emerges. No trade instructions — await authoritative confirmation and updates.",gpt-5.2,1,No credible corroborating sources found via web search as of 2026-01-03T22:26:01Z.
2026-01-03T22:46:25.198949+00:00,289522085853017486,1,t_e517b9c563239304,5,0.12,Unverified: no confirmation Trump resigned; treat as rumor. If true would be risk-off shock; but likely noise vs rates catalysts.,"As of 2026-01-03 22:46 UTC, the claim “Trump resigns; Vance vows to stop all tariffs” could not be corroborated in credible mainstream reporting during web checks. Given the scale of a U.S. presidential resignation, the lack of confirmation is itself highly informative: markets should treat this as an unverified headline/rumor (or potential satire/misattribution) until a major wire/official statement confirms. Separately, JD Vance is the sitting vice president, but there was also no verified reporting found that he vowed to stop all tariffs at this timestamp.

If (and only if) such a resignation were confirmed, the immediate market transmission would likely be: (1) higher volatility and risk aversion (ES/NQ), (2) safe-haven bid into Treasuries (front end and duration, depending on perceived policy continuity), and (3) headline-driven USD moves (DX) via risk + policy uncertainty. The ‘sto",gpt-5.2,1,AP 2026-01-03 | Wikipedia (background) 2026-01-03 crawl
2026-01-03T22:48:42.838000+00:00,1457143667860050115,1,t_a424a25f5e58225f,5,0.18,"Unverified report: 'Trump resigns; Vance vows to stop all tariffs.' Confirmation needed — political shock could move ES/NQ, Treasuries, USD.","As of headline time (2026-01-03T22:48:42Z UTC) this report is unverified; primary-source confirmation required. If true, an unexpected presidential resignation is a major political shock that typically raises uncertainty and can depress equity futures (ES/NQ), push investors to safe-haven Treasuries (lower yields), and move FX (USD/major pairs). The claim that 'Vance vows to stop all tariffs' signals a potential policy shift in trade that would have sectoral implications if implemented. Monitor official confirmations and follow-on statements; current market-impact assessment is preliminary until verification.",gpt-5.2,1,White House 2026-01-03 | Wikipedia (25th Amendment) accessed 2026-01-03 | Reuters search (no confirming item found in returned results)
2026-01-03T22:55:10.081000+00:00,1457145292074914035,1,t_1372e3e840e67e56,2,0.25,Unverified correction: claim says Trump won’t resign; prior headline ‘fake’. Vance didn’t say he’d stop tariffs—watch for official/source co,"This looks like a rapid correction of political/tariff messaging, but I cannot corroborate (from major wires/publication records in the last ~30 days) a specific, contemporaneous Jan 3, 2026 report stating “Trump will not resign” and that a “previous headline was fake,” nor a matching correction about “Vance did not say he will stop tariffs.” Treat as low-confidence until an attributable source (e.g., Reuters/AP/WSJ) is identified.

Market framing (if/when confirmed):
- A resignation rumor being debunked typically removes a transient political-risk premium; impact often fades quickly unless accompanied by policy/actionable developments.
- The tariff angle matters more for macro pricing than the resignation-denial itself: anything that keeps tariff uncertainty ‘live’ can feed into inflation-risk narratives and rates sensitivity, especially into the January FOMC window.

Cross-current to m",gpt-5.2,1,Reuters 2026-01-03 | WSJ 2026-01-03
2026-01-03T22:58:42.516000+00:00,1457146183092015226,1,t_9f3eab4ca3ff5ad5,2,0.25,"“Neizchum” nuclear-threat chatter looks like a non-credible/unknown-source hoax; unless confirmed by majors, treat as noise.","As of 2026-01-03 22:59 UTC, I cannot corroborate “Neizchum” as a real location, agency, asset, or recognized geopolitical theater via accessible public sources, nor can I find credible-wire/official reporting tied to this specific claim. That strongly points to either (a) a fabricated headline, (b) a mistranslation/misspelling, or (c) an in-network/internal codename that is not publicly indexable.

Market read: if desks briefly priced a “nuclear threat” off this rumor, a debunk (“no nuclear threat”) typically removes the most acute tail-risk bid—supporting a normalization impulse (risk premia/volatility compression) rather than creating a new macro impulse. However, given the entity ambiguity, the safer posture is to treat this item as non-actionable until a top-tier source (official government statement or major wire) confirms both the original claim and its retraction.

What to monitor",gpt-5.2,1,"NRC Threat Assessment page (nrc.gov, crawled 2025-12-29) | DOE/NNSA NPCR plan page (energy.gov, 2024-10-04)"
2026-01-12T14:32:40.613000+00:00,1460280326831079575,1,t_4e9a016194f8d732,2,0.35,Headline unclear; verify source/details.,The model failed to parse this headline reliably. Check the original source and context.,gpt-5-mini,0,
2026-01-12T17:33:26.555000+00:00,1460325818008997980,1,t_580e22849c685f56,2,0.35,Headline unclear; verify source/details.,The model failed to parse this headline reliably. Check the original source and context.,gpt-5-mini,0,
2026-01-12T19:59:13.300000+00:00,1460362504516403483,1,t_59731410cc87985a,2,0.35,Claim: China announces AI chip imports subject to 200% tariff (unverified),"Claimed event: China announces AI chip imports subject to 200% tariff. The model failed, so this remains unverified. Check the original source.",gpt-5-mini,0,
2026-01-12T20:00:10.725000+00:00,1460362745374310498,1,t_eca3bd15da8f45fe,2,0.35,Claim: headline about china chip tariffs was false rumor (unverified),"Claimed event: headline about china chip tariffs was false rumor. The model failed, so this remains unverified. Check the original source.",gpt-5-mini,0,
2026-01-12T20:14:03.284000+00:00,1460366237380120616,1,t_6abfb99bcdba8d63,5,0.08,"Unverified: no credible reporting found that a plane hit the NYSE on Jan 12, 2026; treat as likely false until confirmed.","I cannot validate the headline “plane crashes into New York Stock Exchange” (timestamp 2026-01-12 20:14:03 UTC / 15:14 ET) via major, credible public sources in the last week. Web checks for this exact claim return no corroborating coverage from primary market/incident channels (NYSE/ICE, FAA/NTSB statements) or major wires; results instead surface unrelated historical items (e.g., 9/11 market closures) and other aviation/market stories not tied to an NYSE strike. Given the severity, absence of immediate confirmation strongly argues this is misinformation or a bad/garbled feed.

Market framing if (and only if) later confirmed: expect NYSE operational impacts (possible building evacuation, trading interruptions/halts, and order-routing shifts), a volatility shock across index futures/options, and a classic risk-off reflex (Treasuries/USD bid) driven by uncertainty and operational disrupti",gpt-5.2,1,FAA General Statements page (accessed 2026-01-12) | Reuters 2025-12-16 (FAA safety reforms testimony context; not NYSE incident)
2026-01-12T20:16:07.070000+00:00,1460366756576235580,1,t_1695767852b21ec7,2,0.38,Unverified “plane crash” chatter appears to have been a false alarm; no corroborating official or major-wire report found.,"As of 2026-01-12 20:16 UTC, the item reads like a debunk/false-rumor update, but it lacks the minimum identifiers (carrier, flight number, airport/city, time) needed to confirm what exactly was being rumored. A web check did not surface a matching major breaking-news report or official aviation authority bulletin tied to a fresh crash “rumor” on Jan 12; instead, results clustered around unrelated, already-dated aviation incidents (e.g., the Jan 10, 2026 fatal crash near Paipa, Colombia, and other historical incidents). With no corroboration, treat this as misinformation-cleanup rather than a new fundamental macro catalyst. Market relevance is typically limited unless the rumor explicitly involved a major carrier, a mass-casualty event, or a high-profile individual—none of which can be confirmed from the provided headline alone.",gpt-5.2,1,Wikipedia 2026-01-10 (2026 Paipa Piper PA-31 crash) | NY Post 2026-01-11 | news.com.au 2026-01-11
2026-01-12T21:17:39.806000+00:00,1460382245033345077,1,t_e6be6b33661c274a,5,0.25,"Unable to verify the claimed Jan 12, 2026 Axios report that Trump is leaning toward Iran strikes; treat as unconfirmed.","I couldn’t corroborate the specific headline “Trump leans toward Iran strikes” attributed to Axios and a White House official with currently available public reporting in web results (no matching Axios/major-wire pickup surfaced for Jan 12, 2026). Given the single-source nature implied by the headline and the lack of independent confirmation in major outlets from this check, treat it as an unverified geopolitical-risk rumor until there’s either an on-record U.S. statement, corroboration from multiple credible reporters, or confirmation via major wires.

If such a shift were confirmed, typical market transmission would be: (1) higher geopolitical risk premium (often weighing on broad risk sentiment), (2) potential bid for liquid defensives/safe havens (USTs, USD; sometimes gold), and (3) upside pressure in crude oil on perceived supply-risk, alongside higher implied volatility. In the nea",gpt-5.2,1,Axios 2025-06-19 | Axios 2025-06-22
2026-01-12T23:01:36.658000+00:00,1460408404286636173,1,t_fba1c3ef41419f33,5,0.82,Iran launches thousands of missiles at a US base.,"Assuming the report is accurate, a large-scale Iranian strike on a US base is a major geopolitical escalation that should trigger near-term risk-off market moves. Expect US equity futures (ES/NQ) to gap lower and volatility to spike, Treasuries to rally (yields fall), gold and the USD to rise, and crude oil to jump on supply/geopolitical risk. Sector impacts: defense/A&D and energy names likely bid; airlines, travel, and cyclical industrials under pressure. Key near-term things to watch: casualty and damage reports, US military/political response, disruption to shipping or regional energy infrastructure, sanctions/newsflow, and whether the episode is contained or prompts broader retaliation—these determine if the shock is fleeting or longer-lasting for rates, FX, and commodity markets.",gpt-5-mini,0,
2026-01-12T23:52:48.524000+00:00,1460421288626487316,1,t_ee8d32f8cb673138,3,0.85,"Japan's Nov current-account surplus beat estimates (¥3.674T) and bank lending rose 4.4% YoY — supportive for JPY, Japanese banks and overall","Japan reported a larger-than-expected November current-account surplus of ¥3.674 trillion and Bank of Japan data showed bank lending up 4.4% YoY. Near term, the surplus is a constructive macro signal for the yen (net external receipts), while rising lending points to firmer domestic credit growth. Market channels to monitor: USD/JPY moves (FX reaction can be immediate), Japanese financials (loan growth supports margins/earnings expectations), and export-oriented sectors (positive demand signal but offset risk if a stronger yen pressures exporters’ JPY-denominated profits). Also watch BoJ commentary and incoming trade/FX flows — these data can influence yen funding/carry dynamics and spill into Japanese equities and global FX crosses over the next few sessions. This is bullish macro news for Japanese risk assets and the yen, with ambiguous implications for exporters depending on FX moves.",gpt-5-mini,0,
2026-01-13T01:02:22.309000+00:00,1460438794749870369,1,t_586325954340d2df,3,0.55,Venezuelan crude flows to the US rise; incremental heavy supply can damp WTI risk premium and shift refiner feedstock economics.,"Venezuela exporting to the US as its largest customer by volume is primarily a physical-supply and sanctions-policy signal for energy pricing. Mechanism: (1) incremental barrels into PADD 3 reduce perceived near-term tightness, tending to compress the geopolitical/scarcity premium in front-month crude and narrow upside tails; (2) because Venezuelan grades are typically heavier/sour, the bigger transmission can be via relative pricing (heavy-vs-light differentials) and refinery feedstock optimization rather than a clean one-for-one hit to headline WTI; (3) downstream beneficiaries can include complex Gulf Coast refiners if heavy feedstock discounts widen, while upstream beta (energy equities/high-yield) can fade if crude sentiment softens. Why now: a change in customer mix toward the US suggests logistics/contracting normalization and potentially a more durable flow than spot cargo headli",gpt-5.2,1,LOCAL 2026-01-13
2026-01-13T01:08:00.434000+00:00,1460440212948648076,1,t_d3a05151f6fd9ea2,2,0.85,"Mexico declares war on US — acute geopolitical shock; risk-off: US equities (ES/NQ), Treasuries, oil and MXN/EM FX to react.","Headline: Mexico has declared war on the US. Primary market mechanism: risk premium (with a spike in volatility). Causal chain: a sovereign conflict declaration sharply raises geopolitical uncertainty -> investors demand higher risk premia and reduce exposure to risk assets -> immediate safe-haven flows into US Treasuries and the USD, while equity index futures (ES/NQ) and credit spreads move wider; commodity and FX volatility rises (oil could spike on supply concerns; MXN and other EM FX collapse). Liquidity can also tighten intraday as market-makers widen spreads and bid-offer sizes shrink. Most exposed: US index futures (intraday gap/down risk), tech/growth names sensitive to risk-premium increases (NQ), US and EU credit (IG/HY spreads), Treasuries (yields likely to fall as flows enter duration), oil and gold (volatility up), and Mexican assets (MXN, Mexican equities/bonds). Time fram",gpt-5-mini,0,
2026-01-13T02:16:41.267000+00:00,1460457496975118367,1,t_2dc5da3e354d59a9,4,0.78,Retracted: Mexico did not declare war on the US (prior alert was a test) — removes a tail-risk shock; risk premium/vol bid should fade.,"This is a clean de-escalation because it negates a high-impact geopolitical tail that would have mechanically triggered risk-off positioning. If the false ‘war’ alert caused any knee-jerk repricing, the correction should (1) reduce demand for immediate downside hedges and safe havens (front-end/USTs, USD), and (2) allow equity index futures (ES/NQ) and EM risk sentiment to mean-revert as liquidity providers re-open risk and implied vol demand cools. Biggest near-term channel is volatility/risk-premium normalization rather than fundamentals. Residual sensitivity remains to follow-on clarification from the original source and to any repeat false alerts (credibility/operational-risk premium).",gpt-5.2,1,LOCAL headline 2026-01-13
2026-01-13T13:32:17.902000+00:00,1460627519945441342,1,t_25546b89896b0c28,2,0.55,"US CPI MoM +0.3% (in line). Little shock, but keeps “sticky inflation” narrative alive into Jan 28 FOMC.","US CPI MoM printed +0.3% vs +0.3% expected (prior +0.2%). With the headline exactly at consensus, the first-order impulse is “no surprise,” so any immediate ES/NQ and UST reaction should be more about positioning and details than the top-line beat/miss.

Mechanism: an in-line but firmer-than-prior monthly pace leans against rapid easing expectations, supporting front-end rates (ZT/2Y-sensitive) and keeping real-rate pressure in play. That tends to be a headwind for duration-heavy equities (NQ/mega-cap growth) and a mild tailwind for USD (DX), unless the market interprets the broader print as disinflationary in composition.

Why now: into the Jan 28 FOMC decision window, an on-consensus CPI reduces the odds of an “immediate policy surprise,” but it also doesn’t provide relief that inflation momentum is re-accelerating downward; the path of expectations is likely to hinge on whether underl",gpt-5.2,1,LOCAL 2026-01-13
2026-01-13T14:33:31.724000+00:00,1460642929071882283,1,t_841f88b7625c786c,4,0.55,"World Bank pegs global real GDP at 2.6% this year — lifts growth risk premium; negative for equities, supportive for Treasuries/safe-havens.","World Bank: global real GDP seen at 2.6% this year. Primary market mechanism involved: risk premium. Causal chain: a weaker/slower global growth baseline raises downside risk to corporate revenues and margins, pushing investors to demand a higher equity risk premium and to reweight toward safe assets. Over the intraday to next few sessions expect this to shift session bias (not an isolated tick move): US index futures (ES/NQ) face downside pressure or muted upside as earnings prospects are repriced; commodity-sensitive sectors and EM assets are most exposed to downgrades in demand; concurrently, safe-haven flows should support US Treasuries (duration rally) and traditional defensive FX, compressing yields and steepening or flattening curves depending on positioning. The update also amplifies near-term Fed-event sensitivity (upcoming Jan FOMC window), since growth downgrades can temper fo",gpt-5-mini,0,
2026-01-13T14:35:45.378000+00:00,1460643489657131090,1,t_c91f3007b9eb732b,3,0.42,"World Bank nudges 2026 euro-area GDP up to 0.9% (from 0.8%); modest pro-growth signal, mildly supportive for EUR and EU rates.","The World Bank’s small upgrade to 2026 euro-area growth (0.9% vs 0.8% prior; still well below 2025’s 1.4%) is a marginally better macro baseline, but not a regime change. Near-term market transmission is primarily through Europe rates/FX: a slightly firmer growth profile can trim expectations for aggressive ECB easing at the margin, modestly pressuring Bund/Euribor yields higher and offering mild support to EUR (6E) versus USD (DX). Second-order effects are a small reduction in the “Eurozone stagnation” risk premium, which can help EU cyclicals/financials and slightly improve global risk tone; spillover to US index futures (ES/NQ) should be limited unless it coincides with broader upside global-growth revisions. Given recent soft euro-area manufacturing signals in the backdrop, this reads more like a stabilization datapoint than a decisive turn, so follow-through likely depends on incomi",gpt-5.2,1,Headline: World Bank (2026-01-13) | Reuters 2026-01-02
2026-01-13T14:48:04.553000+00:00,1460646589981921514,1,t_50faae6a127938ca,5,0.46,"Trump says he cancelled meetings with Iranian officials until protest killings stop—adds geopolitics risk premium; risk-off tilt, energy bid","Headline read-through: a harder US diplomatic posture toward Iran (conditioning talks on an internal-security outcome) increases perceived policy uncertainty and reduces near-term de-escalation pathways. Mechanism: lower expected diplomatic engagement → higher probability investors assign to sanctions/retaliation/escalation tails → wider geopolitical risk premium. Likely first-order market channels: (1) Risk sentiment: ES/NQ vulnerable to a knee-jerk risk-off/vol pickup, especially if the story broadens to sanctions or regional security headlines. (2) Energy: crude and energy equities can catch a bid on supply-risk repricing even without an immediate flow disruption. (3) Rates/FX: modest safe-haven impulse (UST bid, USD firmer) is plausible, but the rates impact should stay secondary unless follow-on policy actions are announced. Why now: coming into a data/Fed-windowed January, geopolit",gpt-5.2,1,LOCAL_HEADLINE 2026-01-13
2026-01-13T16:31:37.237000+00:00,1460672647867400381,1,t_f3903077a11f40b8,5,0.6,"China curbs Nvidia chip purchases; higher geopolitical/regulatory risk lifts equity risk premium, pressuring semiconductors/AI hardware stoc","China's restriction on Nvidia chip purchases increases geopolitical and regulatory uncertainty for the AI semiconductor supply chain. Primary market mechanism: risk premium — the news raises perceived policy/regulatory risk for US chip exporters, prompting higher implied volatility and forcing short-term repositioning of long tech/semiconductor exposure. Over the next few sessions this tends to: 1) weigh on mega-cap tech and semiconductor names (NVDA, suppliers, SOX/semiconductor ETFs) and US index futures (NQ/ES) as risk-off flows pick up; 2) boost safe-haven demand that can support Treasuries and compress equity risk premia via lower price multiples; and 3) increase cross-market volatility and repricing in Asian tech/ADR listings. Monitor how broad the restrictions are (product classes, end-users) — broader scope = more persistent repricing of positioning and higher volatility; narrowl",gpt-5-mini,0,
2026-01-13T17:33:45.920000+00:00,1460688287097422028,1,t_47f591a41e8c7946,4,0.28,"USA Today: US could take “action on Greenland” in weeks/months; vague geopolitics adds risk-premium bid to UST/USD, weighs ES/NQ.","A USA Today report suggesting the US could take unspecified “action on Greenland” over the coming weeks/months is a tail-risk catalyst: the immediate channel is a higher geopolitical risk premium rather than a clean macro impulse. If headlines intensify without specifics, markets typically express this via modest risk-off: bid for safe havens (USTs, USD), a small drag on equity index futures (ES/NQ) via higher uncertainty/vol, and relative support for defense/security exposures; any resource/Arctic-shipping narrative could also pull in commodities/mining sentiment. Key sensitivity is definitional: “action” could range from diplomatic/economic measures to security posture changes—follow-through and official confirmation determine whether this stays as transient headline noise or becomes a sustained risk factor. Until clarified, treat as volatility/risk-premium skew rather than a direction",gpt-5.2,1,USA Today 2026-01-13
2026-01-13T21:56:59.180000+00:00,1460754528831017041,1,t_23088a9cc2f80b57,2,0.4,Trump floats opening China markets to US goods while warning Iran—reduces perceived trade-friction tail risk but adds geopolitics; supportiv,"Mechanism (risk premia + sector dispersion). China-market-access rhetoric can be read as a de-escalatory/transactional trade stance, trimming perceived tariff/regulatory tail risk for China-exposed revenue streams (industrials, materials, select semis/mega-cap supply chains) and improving broad risk tone (ES/NQ) vs havens. In rates/FX, a modest risk-on impulse can lean toward slightly higher yields/softer USD on the margin if it reduces safe-haven demand, but magnitude is headline-dependent absent policy detail. Iran warnings push the other way by lifting geopolitical left-tail risk: keeps crude, defense, and volatility hedges “on watch,” raising cross-asset dispersion (risk indices up while energy/defense/oil risk premia remain supported). Why now: with Jan 27–28 FOMC approaching, geopolitics/trade headlines can quickly reprice equity risk premia and financial conditions even without a",gpt-5.2,1,LOCAL headline 2026-01-13
2026-01-14T13:32:31.386000+00:00,1460989964366909480,1,t_64a4c77c4bf25e1f,4,0.6,"US Retail Sales MoM +0.6% vs +0.5% exp; core +0.5% vs +0.4% — modest upside that nudges a hawkish growth read, pressuring front-end Treasuri","Jan 14 retail sales came in slightly stronger than expected: headline +0.6% m/m (0.5% est; 0.0% prior) and core +0.5% (0.4% est; 0.4% prior). The “why now” is front-end policy path sensitivity into the Jan 27–28 FOMC: better consumption momentum reduces the urgency for easier policy and can reprice near-term cuts lower. Mechanism: stronger demand → firmer growth/inflation risk distribution → higher front-end yields (ZT/ZF/ZN pressure) and potentially higher real rates → tighter financial conditions impulse for duration-heavy equities (NQ/tech) even if cyclicals/consumer-facing names get a fundamental growth tailwind. FX channel: higher relative US rates typically supports USD (DX) and can weigh on EUR (6E). What to watch next: whether this strength is broad-based vs volatile categories, whether revisions change the growth signal, and whether subsequent inflation prints (CPI/PCE) validate",gpt-5.2,1,LOCAL 2026-01-14
2026-01-14T15:03:22.482000+00:00,1461012827920797821,1,t_b26a713fd1143bb6,4,0.6,"US existing-home sales 4.35M (vs 4.22M) and business inventories +0.3% (vs +0.1%) are upside growth signals. Bias: firmer risk tone, slightl","What happened (Jan 14, 2026): Existing-home sales beat (4.35M vs 4.22M; +5.1% m/m vs +2.18%) alongside a firmer business inventories print (+0.3% m/m vs +0.1%).

Mechanism: (1) Housing activity strength typically lifts near-term growth expectations and can firm the “soft-landing” narrative; (2) higher inventories can be read as restocking/stronger activity, but also invites a quick check on whether sales are keeping pace (i.e., whether inventories are demand-driven or unwanted build).

Market linkage: The cleanest transmission is via rates. Better growth data can push front-end and belly yields higher and trim easing odds into the Jan 27–28 FOMC window; that supports cyclicals/financials more than long-duration/defensives in an index-futures tape. If yields rise meaningfully, equity upside can be capped even with ‘good’ macro.

Geopolitics tag: The line about Secretary of War Hegseth hos",gpt-5.2,1,LOCAL headline feed 2026-01-14
2026-01-14T15:32:05.060000+00:00,1461020052936589312,1,t_76d7e478134ee1d6,2,0.35,"Claim: EIA CRUDE OIL INVENTORIES ACTUAL 3.391M (FORECAST -1.682M, PREVIOUS -3.832M) $MACRO EIA GASOLINE INVENTORIES ACTUAL 8.977M (FORECAST","Claimed event: EIA CRUDE OIL INVENTORIES ACTUAL 3.391M (FORECAST -1.682M, PREVIOUS -3.832M) $MACRO EIA GASOLINE INVENTORIES ACTUAL 8.977M (FORECAST 2M, PREVIOUS 7.702M) $MACRO. The AI model failed. Check the original source.",gpt-5-mini,0,
2026-01-14T20:08:17.454000+00:00,1461089562594906143,1,t_1a6e18b730a27e46,2,0.42,Trump claims killings in Iran are stopping and no executions planned—headline de-escalation that can trim geo risk premium: mild risk-on (ES,"Causal chain (minutes → 1–3 sessions): a prominent political headline suggesting de-escalation in Iran can compress the geopolitical tail-risk premium. Mechanism: lower perceived conflict/escalation probability → reduced demand for convex hedges and safe havens → implied vol and defensive positioning can fade. Transmission: equities (ES/NQ) get a modest risk-on tilt; Treasuries may see reduced bid (yields drift higher, especially in duration-sensitive hours); gold can soften; USD reaction is ambiguous (risk-on softens USD, but rates channel can offset). Oil/energy can see a small negative impulse via reduced disruption/insurance/shipping premium, with the caveat that actual supply/shipping facts dominate. Why now: with the Jan 28 FOMC decision window approaching, any risk-premium swing can blur signal in rates/equity duration—watch whether moves are confirmed by follow-through in crude,",gpt-5.2,1,LOCAL headline 2026-01-14
2026-01-14T20:39:06.322000+00:00,1461097317309350124,1,t_7c0ee32019f5814b,4,0.55,Trump says he was informed by 'sources on the other side' about Iran killings — raises geopolitical risk; likely boosts oil and defense name,"Headline increases perceived geopolitical risk and should lift the market’s risk premium and volatility intraday and into the next few sessions. Causal chain: a high-profile claim of cross‑side sourcing on Iran killings raises uncertainty about attribution and potential escalation → investors demand a higher risk premium, bid safe-haven assets (USTs, gold, USD) and push implied volatility higher → oil prices and defense sector equities react to a greater chance of supply disruption or military activity → broad equity indices (ES/NQ) face downside bias as risk‑off flows and deleveraging pressure position-sensitive products. Primary market mechanism: risk premium/volatility. Info that will reweight impact and provide edge: confirmation or denial from governments, any reported military movements or strikes, Iranian/state-proxy responses, disruptions to shipping or oil infrastructure, offici",gpt-5-mini,0,
2026-01-14T23:51:40.974000+00:00,1461145781032452206,1,t_5793d270074476f0,2,0.45,"Japan PPI MoM rose 0.1% vs 0.2% expected (prior 0.3%), a small downside inflation surprise that leans mildly dovish for BoJ expectations and","Japan PPI MoM at 0.1% (vs 0.2% consensus; prior 0.3%) is a modest cooling signal on upstream inflation. Mechanism: softer producer-price momentum marginally reduces urgency for additional BoJ tightening, which can ease upward pressure on JGB yields/real-rate expectations; that relative-rate channel can translate into a slightly softer JPY (USD/JPY firmer) and a better tone for duration-sensitive/rate-differential FX positioning. Why-now: with global markets still highly reactive to incremental inflation data into late-January central-bank windows, even small misses can matter at the margin via policy-path probabilities, but follow-through likely requires confirmation from CPI/wages or BoJ communication. Cross-asset read-through: most direct in JGBs and JPY; spillover to US index futures is usually second-order unless the FX move becomes large enough to tighten/loosen global financial con",gpt-5.2,1,LOCAL headline 2026-01-14
2026-01-15T06:34:20.107000+00:00,1461247111780765738,1,t_34814f18bfee4a3f,2,0.38,"French CPI MoM 0.1% (in line with prior) — inflation steady; modest immediate impact on EUR FX and euro-area sovereign yields, with limited","French MoM CPI 0.1% (NSA), matching the prior print, signals no fresh acceleration in French monthly inflation. Primary market mechanism: rates expectations — a steady reading reduces near-term odds of surprise ECB tightening and eases front-end euro-area yield pressure intraday and over the next few sessions. Market channels most exposed: EUR/USD and EUR swaps/sovereign curves (OATs/Bunds) respond to repriced short-term policy risk; European bank and cyclically sensitive equities can see modest sentiment moves; cross-asset spill to US futures is likely limited but possible via risk premium/FX moves. Watchables that provide edge: harmonized/eurozone and German CPI prints, core measures, ECB speaker cadence/minutes, and wage or services inflation data to confirm persistence. Time-bounded: expect effects mainly intraday through the next several sessions unless followed by broader euro-area",gpt-5.2,1,
2026-01-15T07:01:46.065000+00:00,1461254015429120143,1,t_d9b9955f94394b27,4,0.55,"UK 3m/3m GDP +0.1% vs -0.2% forecast — upside surprise; likely to lift GBP and push gilt yields higher, impacting rates-sensitive sectors (f","UK 3m/3m GDP unexpectedly rose 0.1% vs a -0.2% forecast. Primary market mechanism: rates expectations. Intraday and over the next few sessions this upside should raise odds of the BoE delaying cuts or signalling a less-dovish stance, which puts upward pressure on gilt yields and supports GBP. Higher local yields tighten UK financial conditions, benefiting banks/financials (improved net interest narratives) while weighing on long-duration UK assets and RE-related sectors. Transmission to global markets is via a modest repricing of risk premia and cross-currency moves: stronger sterling and higher UK real yields can nudge global bond yields and FX pairs, creating a session bias rather than an across-the-board shock to US index futures. Watch short-dated gilts, GBP/USD, UK equities (banks) and EUR/GBP for follow-through; persistence depends on subsequent BoE communication and payroll/inflat",gpt-5-mini,0,
2026-01-15T07:03:28.630000+00:00,1461254445617905828,1,t_4b7daf74b61b9f10,4,0.57,UK activity beat (GDP m/m +0.3% vs +0.1% f/c; IP y/y +2.3% vs -0.4% f/c) is a near-term hawkish impulse for BoE pricing: GBP bid and gilts p,"Why it matters now: in a market still highly sensitive to front-end policy paths into late-January central-bank events, a clean UK upside growth/production surprise is the type of catalyst that can reprice near-term BoE expectations quickly.

Mechanism (UK): stronger-than-expected monthly GDP and a large positive industrial production surprise reduce immediate recession/slowdown fears and increase the odds that the BoE can stay restrictive for longer (or lean less dovish). The first-order transmission is higher gilt yields (especially front-end/2–5y via OIS), firmer GBP (GBP/USD and EUR/GBP), and a relative bid to UK/European cyclicals versus duration-sensitive defensives. If gilts sell off meaningfully, the second-order channel is modest upward pressure on global duration (including USTs) via cross-market rates correlation and term-premium.

Mechanism (Germany/Euro area): the softer Ger",gpt-5.2,1,LOCAL_HEADLINE 2026-01-15
2026-01-15T07:46:56.837000+00:00,1461265385230831616,1,t_602262c3fa03b262,1,0.36,"France HICP MoM final +0.1% (vs +0.1% f/c, +0.1% prior) — a true “no-surprise” inflation confirmation; should keep EUR rates/FX reaction mut","This print is fully in-line (+0.1% m/m final vs +0.1% expected and prior), so it does not add incremental pressure to reprice the ECB path. Mechanically: with no inflation surprise, front-end EUR money-market pricing and the euro swap curve should see little to no adjustment; any move is more likely micro (positioning/liquidity) than macro-driven. Cross-asset read-through is similarly limited: Bund/OAT yields shouldn’t need to re-anchor, EUR (6E) reaction should be muted, and European banks/cyclicals get no fresh tailwind/headwind from inflation expectations.

Why it matters anyway: even “no change” final prints help validate the prior inflation trajectory into upcoming euro-area data and ECB communication. The market sensitivity remains in whether broader eurozone core inflation shows persistence vs cooling; France alone (and final, not flash) typically isn’t a catalyst unless it surpri",gpt-5.2,1,LOCAL 2026-01-15
2026-01-15T09:18:38.515000+00:00,1461288460940869653,1,t_2cf2be5b3168f200,2,0.56,BoJ seen paying more attention to a weak yen: read-through is higher odds of stronger jawboning and (at the margin) earlier policy/ops tweak,"A shift toward “paying more attention” to a weak yen is a rates-and-credibility signal: it increases the market’s perceived probability of (1) more forceful verbal intervention (BoJ/MoF), and (2) incremental policy/operational adjustments that reduce yen depreciation pressure (e.g., tolerance for higher domestic yields, less dovish guidance). The first-order channel is FX via expectation management; the second-order channel is JGB yields/curve repricing, which can spill into global duration and risk through carry positioning.

Why it matters now (into late January): with the Jan 27–28 FOMC window approaching, any USD/JPY move driven by Japan-side policy expectations can be amplified by shifting US real-rate expectations; this raises the chance of choppy cross-asset reactions (JPY, JGBs, and equity-duration proxies) even without a change in the Fed base case.

What to watch for confirmati",gpt-5.2,1,Reuters 2026-01-15
2026-01-15T10:18:25.598000+00:00,1461303506257576110,1,t_5dcc2a82237dec08,3,0.43,Eurozone trade surplus narrowed to €11B (prev €14B). Mildly growth-negative at the margin: can lean EUR softer and support Bunds via lower g,"Eurozone trade balance printed a €11B surplus versus €14B prior, a clear narrowing of the external surplus. Mechanism: a smaller surplus typically implies less net-export contribution to near-term growth (and, indirectly, less pricing power if the move reflects weaker volumes rather than higher import prices). That mix can (1) slightly soften EUR via relative-growth/rate-expectations, and (2) modestly support core rates (Bunds) if investors read it as incremental disinflationary/growth-dampening.

Why it matters now: with markets focused on policy-path sensitivity into the Jan 27–28 FOMC meeting, any EUR move that strengthens USD (DX) can become the main transmission into US index futures (financial-conditions/tighter USD) rather than the data itself. Base case: localized EUR/rates reaction; spillover to ES/NQ is likely limited unless the print coincides with broader “Europe growth soft”",gpt-5.2,1,MACRO 2026-01-15
2026-01-15T13:33:51.083000+00:00,1461352686505951243,1,t_669df7056f894b50,2,0.62,Initial claims 198k vs 215k est and continued 1.884M vs 1.897M est — labor softer-layoff signal than expected. Bias: modestly hawkish at the,"What happened (Jan 15, 2026): Weekly initial jobless claims printed 198k (below 215k consensus; prior 208k) and continued claims 1.884M (below 1.897M consensus; prior 1.914M). Read-through: fewer new layoffs plus slightly less difficulty staying unemployed vs expected, consistent with a still-resilient labor market.

Transmission: This is primarily a policy-path input. A firmer labor signal tends to push “higher for longer” probabilities at the margin, lifting front-end/real-rate sensitivity and nudging discount rates higher.

Why it matters now: With the Jan 27–28 FOMC approaching, even second-tier labor data can reweight the distribution around “no change but restrictive stance,” especially if the market has been leaning toward earlier easing. The immediate tell will be whether the move concentrates in front-end rates (ZT) vs a broader curve bear-steepening/flattening.

Likely cross-as",gpt-5.2,1,HEADLINE 2026-01-15
2026-01-15T16:04:50.476000+00:00,1461390684354515006,1,t_7fc870d43e0637d6,4,0.52,UK GDP estimate YoY 1.4% (prev 1.1%) is a growth-positive surprise that can firm gilts/GBP and marginally improve global risk tone; US futur,"Why-now: A higher UK GDP YoY estimate (1.4% vs 1.1% prior) is a clean growth signal that can reprice near-term Bank of England expectations and, by extension, UK rates/FX. Primary mechanism: stronger activity reduces urgency for BoE easing and can steepen/firm the front end of the gilt curve; GBP tends to benefit if rate differentials move in its favor. Spillovers to US index futures (ES/NQ) are typically indirect: (1) modest support to global risk sentiment via “Europe growth not as weak” framing, and (2) cross-market rate moves—if gilts back up, USTs can be tugged via relative-value flows, influencing USD and duration-sensitive equities. How it interacts with current rates context: into the Jan 27–28 FOMC, the US tape is still dominated by front-end policy expectations; this UK print is more likely to matter through USD/FX and global yields than as a standalone driver of US risk. Watch",gpt-5.2,1,HEADLINE 2026-01-15
2026-01-15T19:12:47.179000+00:00,1461437982274752573,1,t_28c2528fce15ed3b,4,0.6,US and Taiwan set a quota system for future chip tariffs — reduces tariff shock and downside risk to chip exports; positive near-term for se,"What happened: a quota-based approach to future US-Taiwan chip tariffs replaces the threat of broad blanket tariffs. Primary market mechanism: risk premium — policy uncertainty that had been priced into semiconductor revenue and supply-chain risk should fall. Causal chain (intraday → next few sessions): quota rules lower the probability of large unilateral tariff hits on Taiwan-origin wafers and packaging, which reduces downside to foundry throughput and OEM margins; that lowers the policy-driven risk premium on semiconductor equities and related futures (SMH, SOX, TSM/TSMC, large US chip names) and should compress implied volatility in sector options. Secondary channels: earnings revisions risk is reduced (analysts may lift near-term revenue forecasts), flows could rotate back into semis and supply-chain suppliers, and index futures (NQ/ES) may see a modest bullish reweighting if tech l",gpt-5-mini,0,
2026-01-15T21:03:40.513000+00:00,1461465888380289109,1,t_3cef8c1c333bc6d8,2,0.46,TIC stock data: Japan UST holdings rose to $1.203T in Nov (vs $1.200T Oct); UK rose to $889B (vs $878B). Small month-on-month increases—mode,"This is a monthly TIC “holdings” update (stock, not flow): Japan’s US Treasury holdings edged up to $1.203T in November from $1.200T in October, and the UK’s rose to $889B from $878B. Mechanism: a higher foreign-held stock implies slightly more non-resident absorption of Treasury supply, which can (at the margin) soften term-premium pressure and reduce the amount dealers/domestic investors must intermediate; FX linkage is indirect via hedging and rate differentials rather than a clean “buy USD” signal. Why it matters now: into a late-January FOMC that is still broadly priced as a no-change baseline, these incremental foreign-demand datapoints are more of a background check on structural demand than a catalyst—impact is typically most visible when paired with (a) large month-to-month moves, (b) weak auction outcomes, or (c) funding/repo stress that makes balance-sheet capacity scarce. Wha",gpt-5.2,1,Reuters 2026-01-15
2026-01-15T21:11:36.827000+00:00,1461467886185873530,1,t_13cc95e9233c1574,5,0.56,Fox reports US military assets moving to the Middle East; headline is a near-term geopolitics risk-on/risk-off swing factor—typically suppor,"Why it matters now: an incremental US force posture shift in the Middle East tends to reprice near-term geopolitical tail risk. Mechanism is risk premium: if investors read the move as escalation/retaliation risk or shipping/energy-route protection, crude can pick up a risk premium while broad equities can de-risk and implied vol can firm. Cross-asset mapping: (1) Energy: upside bias in crude on supply/route fears; refiners/energy equities can outperform while airlines/transport can lag on fuel sensitivity. (2) Rates/FX: classic risk-off bid into Treasuries (front end less direct; belly/long end often reacts via duration demand) and firmer USD vs risk/EM FX; gold can also benefit. (3) Equity sectors: defense contractors can catch a bid; cyclicals/EM-sensitive risk can underperform if headlines persist. Key follow-through questions that determine whether impact lasts hours vs days: what a",gpt-5.2,1,Fox News 2026-01-15
2026-01-16T07:01:40.325000+00:00,1461616379219280003,1,t_6cb13e377521ebf8,2,0.33,"Germany final CPI YoY 1.8% (in line with forecast/prev) — no inflation surprise; limits near-term repricing in ECB path, modestly supportive","Germany final CPI YoY printed 1.8%, matching both forecast and the prior reading, so it’s primarily a “confirm/no-revision” release rather than a catalyst. Mechanism: with no upside inflation shock, the market has less reason to pull forward ECB tightening (or delay easing) expectations; that typically keeps Bund yields steady-to-slightly lower, compresses EUR rate-support marginally, and reduces volatility relative to a surprise print. Why now: with the broader Europe growth tone already soft (recent PMI messaging in your tape), a tame/steady inflation confirmation reinforces the growth-dominant narrative and keeps cross-market focus on relative real-rate spreads vs the US rather than a new Europe inflation impulse. Spillover to US index futures is second-order and mostly via FX and global rates correlation (risk duration sensitivity), not a direct US macro channel. Watch-outs: any revi",gpt-5.2,1,LOCAL_HEADLINE 2026-01-16
2026-01-16T07:03:10.062000+00:00,1461616755603406903,1,t_18a83b57647627fe,2,0.64,Germany final HICP matched at 2.0% y/y and 0.2% m/m — a confirmation print that should limit ECB-path repricing; impact mainly via Bunds/EUR,"Germany’s final HICP simply confirmed the prior/consensus view (2.0% y/y; 0.2% m/m). Because it’s a final and not a surprise, the main mechanism is “no new information”: it should dampen the odds of an immediate ECB-rate-path repricing, keeping EUR rates and EUR/USD more anchored unless broader eurozone inflation data or ECB communication shifts the narrative. Cross-asset transmission is primarily through Bund yield drift (and related curve/real-rate moves), with second-order effects into global duration sentiment and rate-sensitive equities; it is less likely to be a stand-alone driver for US index futures. Why it matters now: it removes a potential volatility catalyst and leaves the next incremental drivers as eurozone-wide inflation prints (especially services/core) and ECB speaker guidance, with positioning/flows determining whether the market treats “steady inflation” as restrictive",gpt-5.2,1,HEADLINE 2026-01-16
